date,location,lat,lng
9/1/2016,"Wilmington, OH",39.4453393,-83.8285375
9/3/2016,"Detroit, MI",42.331427,-83.0457538
9/6/2016,"Virginia Beach, VA",36.8529263,-75.977985
9/6/2016,"Greenville, NC",35.612661,-77.3663538
9/7/2016,"New York, NY",40.7127837,-74.0059413
9/9/2016,"NW, Washington, DC",38.9071923,-77.0368707
9/9/2016,"Pensacola, FL",30.421309,-87.2169149
9/12/2016,"Baltimore, MD",39.2903848,-76.6121893
9/12/2016,"Asheville, NC",35.5950581,-82.5514869
9/13/2016,"Des Moines, IA",41.6005448,-93.6091064
9/13/2016,"Aston, PA",39.8648194,-75.4257325
9/14/2016,"Canton, OH",40.7989473,-81.378447
9/15/2016,"New York, NY",40.7127837,-74.0059413
9/15/2016,"Laconia, NH",43.5278546,-71.4703509
9/16/2016,Washington DC,38.9071923,-77.0368707
9/16/2016,"Miami, FL",25.7616798,-80.1917902
9/17/2016,"Houston, TX",29.7604267,-95.3698028
9/17/2016,"Colorado Springs, CO",38.8338816,-104.8213634
9/19/2016,"Fort Myers, FL",26.640628,-81.8723084
9/20/2016,"High Point, NC",35.9556923,-80.0053176
9/20/2016,"Kenansville, NC",34.9623883,-77.9622069
9/21/2016,"Toledo, OH",41.6639383,-83.555212
9/22/2016,"Chester Township, PA",39.8517618,-75.4024228
9/24/2016,"Roanoke, VA",37.2709704,-79.9414266
9/26/2016,"Hemstead, NY",40.7062128,-73.6187397
9/27/2016,"Melbourne, FL",28.0836269,-80.6081089
9/28/2016,"Council Bluffs, IA",41.2619444,-95.8608333
9/28/2016,"Waukesha, WI",43.0116784,-88.2314813
9/29/2016,"Bedfor, NH",42.9463291,-71.5132008
9/30/2016,"Novi, MI",42.48059,-83.4754913
10/1/2016,"Manheim, PA",40.1634279,-76.3949614
10/3/2016,"Pueblo, CO",38.2544472,-104.6091409
10/3/2016,"Loveland, CO",40.3977612,-105.0749801
10/4/2016,"Prescott, Valley, AZ",34.6100243,-112.315721
10/5/2016,"Henderson, NV",36.0395247,-114.9817213
10/5/2016,"Reno, NV",39.5296329,-119.8138027
10/6/2016,"Sandown, NH",42.928698,-71.1870053
10/9/2016,"St. Louis, MO",38.6105426,-90.3371889
10/10/2016,"Ambridge, PA",40.5892339,-80.22506
10/10/2016,"Wilkes-Barre, PA",41.2459149,-75.8813075
10/11/2016,"Panama City, FL",30.1588129,-85.6602058
10/12/2016,"Ocala, FL",29.1871986,-82.1400923
10/12/2016,"Lakeland, FL",28.0394654,-81.9498042
10/13/2016,"West Palm Beach, FL",26.7153424,-80.0533746
10/13/2016,"Cincinnati, OH",39.1031182,-84.5120196
10/14/2016,"Greensboro, NC",36.0726354,-79.7919754
10/14/2016,"Charlotte, NC",35.2270869,-80.8431267
10/15/2016,"Portsmouth, NH",43.0717552,-70.7625532
10/15/2016,"Bangor, ME",44.8011821,-68.7778138
10/17/2016,"Green Bay, WI",44.519159,-88.019826
10/18/2016,"Colorado Springs, CO",38.8338816,-104.8213634
10/18/2016,"Grand Junction, CO",39.0638705,-108.5506486
10/19/2016,"Las Vegas, NV",36.1699412,-115.1398296
10/20/2016,"Deleware, OH",40.2986724,-83.067965
10/20/2016,"New York, NY",40.7127837,-74.0059413
10/21/2016,"Fletcher, NC",35.4306712,-82.5012316
10/21/2016,"Johnstown, PA",40.3267407,-78.9219698
10/21/2016,"Newtown, PA",40.2283371,-74.9322596
10/22/2016,"Gettysburg, PA",39.8309293,-77.2310955
10/22/2016,"Virginia Beach, VA",36.8529263,-75.977985
10/22/2016,"Cleveland, OH",41.49932,-81.6943605
10/23/2016,"Naples, FL",26.1420358,-81.7948103
10/24/2016,"St. Augustine, FL",29.9012437,-81.3124341
10/24/2016,"Tampa, FL",27.950575,-82.4571776
10/25/2016,"Sanford, FL",28.8028612,-81.269453
10/25/2016,"Tallahassee, FL",30.4382559,-84.2807329
10/26/2016,"Kinston, NC",35.2626635,-77.5816353
10/27/2016,"Springfield, OH",39.9242266,-83.8088171
10/27/2016,"Toledo, OH",41.6639383,-83.555212
10/27/2016,"Geneva, OH",41.8050539,-80.9481489
10/28/2016,"Manchester, NH",42.9956397,-71.4547891
10/28/2016,"Lisbon, ME",44.0316013,-70.1043704
10/28/2016,"Cedar Rapids, IA",41.9778795,-91.6656232
10/29/2016,"Golden, CO",39.755543,-105.2210997
10/29/2016,"Pheonix, AZ",33.4483771,-112.0740373
10/30/2016,"Las Vegas, NV",36.1699412,-115.1398296
10/30/2016,"Greeley, CO",40.4233142,-104.7091322
10/30/2016,"Albuquerque, NM",35.0853336,-106.6055534
10/31/2016,"Grand Rapids, MI",42.9633599,-85.6680863
10/31/2016,"Warren, MI",42.5144566,-83.0146526
11/1/2016,"Valley Forge, PA",40.0989851,-75.4690966
11/1/2016,"Eau Claire, WI",44.811349,-91.4984941
11/2/2016,"Miami, FL",25.7616798,-80.1917902
11/2/2016,"Orlando, FL",28.5383355,-81.3792365
11/2/2016,"Pensacola, FL",30.421309,-87.2169149
11/3/2016,"Jacksonville, FL",30.3321838,-81.655651
11/3/2016,"Concord, NC",35.4087517,-80.579511
11/3/2016,"Selma, NC",35.5365485,-78.2844435
11/4/2016,"Atkinson, NH",42.8384221,-71.1470037
11/4/2016,"Wilmington, OH",39.4453393,-83.8285375
11/4/2016,"Hershey, PA",40.2859239,-76.6502468
11/5/2016,"Tampa, FL",27.950575,-82.4571776
11/5/2016,"Wilmington, NC",34.2257255,-77.9447102
11/5/2016,"Reno, NV",39.5296329,-119.8138027
11/5/2016,"Denver, CO",39.7392358,-104.990251
11/6/2016,"Sioux City, IA",42.4999942,-96.4003069
11/6/2016,"Minneapolis, MN",44.977753,-93.2650108
11/6/2016,"Sterling Heights, MI",42.5803122,-83.0302033
11/6/2016,"Moon Township, PA",40.5169767,-80.2213477
11/6/2016,"Leesburg, VA",39.1156615,-77.5636015
11/7/2016,"Sarasota, FL",27.3364347,-82.5306527
11/7/2016,"Raleigh, NC",35.7795897,-78.6381787
11/7/2016,"Scaranton, PA",41.408969,-75.6624122
11/7/2016,"Manchester, NH",42.9956397,-71.4547891
11/7/2016,"Grand Rapids, MI",42.9633599,-85.6680863
11/8/2016,"New York, NY",40.7127837,-74.0059413